codigo;descricao;jurisdicoes_com_a_classe;usar_mp;observacao
51;"ABERTURA, REGISTRO E CUMPRIMENTO DE TESTAMENTO";125;N;
63;"AÇÃO CIVIL COLETIVA";126;S;
64;"AÇÃO CIVIL DE IMPROBIDADE ADMINISTRATIVA";126;S;
65;"AÇÃO CIVIL PÚBLICA";126;S;
1690;"AÇÃO CIVIL PÚBLICA INFÂNCIA E JUVENTUDE";125;S;
1389;"AÇÃO DE ALIMENTOS DE INFÂNCIA E JUVENTUDE";125;S;
45;"AÇÃO DE EXIGIR CONTAS";126;N;
283;"AÇÃO PENAL - PROCEDIMENTO ORDINÁRIO";128;S;
10943;"AÇÃO PENAL - PROCEDIMENTO SUMÁRIO";128;S;
10944;"AÇÃO PENAL - PROCEDIMENTO SUMARÍSSIMO";128;S;
282;"AÇÃO PENAL DE COMPETÊNCIA DO JÚRI";128;S;
11528;"AÇÃO PENAL ELEITORAL";2;N;
11037;"AÇÃO PENAL MILITAR - PROCEDIMENTO ORDINÁRIO";2;N;
66;"AÇÃO POPULAR";126;N;
15192;"ADOÇÃO FORA DO CADASTRO";125;N;
15193;"ADOÇÃO FORA DO CADASTRO C/C DESTITUIÇÃO DO PODER FAMILIAR";125;N;
15191;"ADOÇÃO PELO CADASTRO";125;N;
413;"AGRAVO DE EXECUÇÃO PENAL";126;S;
1717;"ALIENAÇÃO DE BENS DO ACUSADO";128;S;
52;"ALIENAÇÃO JUDICIAL DE BENS";126;N;
69;"ALIMENTOS - LEI ESPECIAL Nº 5.478/68";125;N;
74;"ALVARÁ JUDICIAL - LEI 6858/80";125;N;
1392;"APURAÇÃO DE INFRAÇÃO ADMINISTRATIVA ÀS NORMAS DE PROTEÇÃO À CRIANÇA OU ADOLESCENTE";125;S;
1391;"APURAÇÃO DE IRREGULARIDADES EM ENTIDADES DE ATENDIMENTO";125;S;
53;"ARRECADAÇÃO DAS COISAS VAGAS";125;N;
330;"ARRESTO / HIPOTECA LEGAL";126;S;
30;"ARROLAMENTO COMUM";125;N;
31;"ARROLAMENTO SUMÁRIO";125;N;
1461;"AUTO DE APREENSÃO EM FLAGRANTE";125;S;
280;"AUTO DE PRISÃO EM FLAGRANTE";128;S;
1703;"AUTORIZAÇÃO JUDICIAL";125;N;
1719;"AVALIAÇÃO PARA ATESTAR DEPENDÊNCIA DE DROGAS";126;N;
123;"AVERIGUAÇÃO DE PATERNIDADE";125;N;
1463;"BOLETIM DE OCORRÊNCIA CIRCUNSTANCIADA";125;S;
81;"BUSCA E APREENSÃO EM ALIENAÇÃO FIDUCIÁRIA";125;N;
1438;"BUSCA E APREENSÃO INFÂNCIA E JUVENTUDE";125;N;
12072;"BUSCA E APREENSÃO INFRACIONAL";125;N;
258;"CARTA DE ORDEM CÍVEL";127;N;
335;"CARTA DE ORDEM CRIMINAL";127;N;
1451;"CARTA DE ORDEM INFÂNCIA E JUVENTUDE";125;N;
1474;"CARTA DE ORDEM INFRACIONAL";125;N;
261;"CARTA PRECATÓRIA CÍVEL";126;N;
355;"CARTA PRECATÓRIA CRIMINAL";127;N;
1455;"CARTA PRECATÓRIA INFÂNCIA E JUVENTUDE";125;N;
1478;"CARTA PRECATÓRIA INFRACIONAL";125;N;
83;"CAUTELAR FISCAL";124;N;
11955;"CAUTELAR INOMINADA CRIMINAL";128;S;
1440;"CAUTELAR INOMINADA INFÂNCIA E JUVENTUDE";125;N;
84;"COBRANÇA DE CÉDULA DE CRÉDITO INDUSTRIAL";125;N;
85;"COMPROMISSO ARBITRAL";125;N;
12121;"COMUNICADO DE MANDADO DE PRISÃO";129;N;
54;"CONFIRMAÇÃO DE TESTAMENTO";125;N;
32;"CONSIGNAÇÃO EM PAGAMENTO";126;N;
86;"CONSIGNATÓRIA DE ALUGUÉIS";126;N;
1680;"CONSULTA ADMINISTRATIVA";2;N;
87;"CONVERSÃO DE SEPARAÇÃO JUDICIAL EM DIVÓRCIO";125;N;
293;"CRIMES AMBIENTAIS";126;S;
289;"CRIMES CONTRA A PROPRIEDADE IMATERIAL";126;N;
294;"CRIMES CONTRA A PROPRIEDADE INDUSTRIAL";126;N;
295;"CRIMES CONTRA A PROPRIEDADE INTELECTUAL";126;N;
288;"CRIMES DE CALÚNIA, INJÚRIA E DIFAMAÇÃO DE COMPETÊNCIA DO JUIZ SINGULAR";126;N;
297;"CRIMES DE IMPRENSA";126;N;
287;"CRIMES DE RESPONSABILIDADE DOS FUNCIONÁRIOS PÚBLICOS";126;S;
156;"CUMPRIMENTO DE SENTENÇA";127;N;
12231;"CUMPRIMENTO DE SENTENÇA - LEI ARBITRAL (LEI 9.307/1996)";125;N;
12078;"CUMPRIMENTO DE SENTENÇA CONTRA A FAZENDA PÚBLICA";2;N;
12246;"CUMPRIMENTO DE SENTENÇA DE OBRIGAÇÃO DE PRESTAR ALIMENTOS";125;N;
10980;"CUMPRIMENTO PROVISÓRIO DE DECISÃO";126;N;
157;"CUMPRIMENTO PROVISÓRIO DE SENTENÇA";127;N;
55;"DECLARAÇÃO DE AUSÊNCIA";125;N;
34;"DEMARCAÇÃO / DIVISÃO";126;N;
89;"DEPÓSITO DA LEI 8. 866/94";123;N;
90;"DESAPROPRIAÇÃO";126;N;
11045;"DESERÇÃO DE OFICIAL";2;N;
11046;"DESERÇÃO DE PRAÇA";2;N;
92;"DESPEJO";127;N;
93;"DESPEJO POR FALTA DE PAGAMENTO";127;N;
94;"DESPEJO POR FALTA DE PAGAMENTO CUMULADO COM COBRANÇA";127;N;
14123;"DESTINAÇÃO DE BENS APREENDIDOS";126;N;
15190;"DESTITUIÇÃO DO PODER FAMILIAR";125;S;
12552;"DIREITOS POLÍTICOS";2;N;
96;"DISCRIMINATÓRIA";124;N;
12372;"DIVÓRCIO CONSENSUAL";125;N;
12541;"DIVÓRCIO LITIGIOSO";125;N;
100;"DÚVIDA";125;N;
1415;"EMANCIPAÇÃO";125;N;
172;"EMBARGOS À EXECUÇÃO";126;N;
1118;"EMBARGOS À EXECUÇÃO FISCAL";122;N;
1689;"EMBARGOS DE DECLARAÇÃO CÍVEL";127;N;
420;"EMBARGOS DE DECLARAÇÃO CRIMINAL";128;N;
37;"EMBARGOS DE TERCEIRO CÍVEL";127;N;
210;"EMBARGOS INFRINGENTES NA EXECUÇÃO FISCAL";122;N;
12153;"EMBARGOS PARCIAIS À AÇÃO MONITÓRIA";126;N;
15140;"ENTREGA VOLUNTÁRIA";125;N;
324;"EXCEÇÃO DA VERDADE";126;N;
322;"EXCEÇÃO DE COISA JULGADA";126;N;
321;"EXCEÇÃO DE ILEGITIMIDADE DE PARTE";128;N;
323;"EXCEÇÃO DE IMPEDIMENTO";126;N;
319;"EXCEÇÃO DE INCOMPETÊNCIA DE JUÍZO";128;N;
320;"EXCEÇÃO DE LITISPENDÊNCIA";126;N;
318;"EXCEÇÃO DE SUSPEIÇÃO";129;N;
1432;"EXECUÇÃO DE ALIMENTOS INFÂNCIA E JUVENTUDE";125;N;
1434;"EXECUÇÃO DE MEDIDA DE PROTEÇÃO À CRIANÇA E ADOLESCENTE";125;S;
1465;"EXECUÇÃO DE MEDIDAS SOCIOEDUCATIVAS";125;S;
1435;"EXECUÇÃO DE MULTA";125;N;
12154;"EXECUÇÃO DE TÍTULO EXTRAJUDICIAL";127;N;
12079;"EXECUÇÃO DE TÍTULO EXTRAJUDICIAL CONTRA A FAZENDA PÚBLICA";1;N;
1116;"EXECUÇÃO FISCAL";125;N;
1117;"EXECUÇÃO HIPOTECÁRIA DO SISTEMA FINANCEIRO DA HABITAÇÃO";125;N;
228;"EXIBIÇÃO DE DOCUMENTO OU COISA CÍVEL";126;N;
11788;"EXIBIÇÃO DE DOCUMENTO OU COISA CRIMINAL";126;N;
10972;"EXIBIÇÃO DE DOCUMENTO OU COISA INFÂNCIA E JUVENTUDE";125;N;
11397;"EXTINÇÃO DAS OBRIGAÇÕES DO FALIDO";125;N;
108;"FALÊNCIA DE EMPRESÁRIOS, SOCIEDADES EMPRESÁRIAIS, MICROEMPRESAS E EMPRESAS DE PEQUENO PORTE";118;N;
14671;"GUARDA DE FAMÍLIA";125;N;
1420;"GUARDA DE INFÂNCIA E JUVENTUDE";125;N;
1269;"HABEAS CORPUS CÍVEL";123;N;
307;"HABEAS CORPUS CRIMINAL";127;N;
110;"HABEAS DATA CÍVEL";126;N;
38;"HABILITAÇÃO";126;N;
111;"HABILITAÇÃO DE CRÉDITO";125;N;
10933;"HABILITAÇÃO PARA ADOÇÃO";125;N;
239;"HABILITAÇÃO PARA CASAMENTO";125;N;
57;"HERANÇA JACENTE";125;N;
12374;"HOMOLOGAÇÃO DA TRANSAÇÃO EXTRAJUDICIAL";127;N;
12077;"HOMOLOGAÇÃO EM ACORDO DE COLABORAÇÃO PREMIADA";126;S;
113;"IMISSÃO NA POSSE";126;N;
114;"IMPUGNAÇÃO DE CRÉDITO";118;N;
12119;"INCIDENTE DE DESCONSIDERAÇÃO DE PERSONALIDADE JURÍDICA";126;N;
332;"INCIDENTE DE FALSIDADE";126;N;
10974;"INCIDENTE DE FALSIDADE INFÂNCIA E JUVENTUDE";125;N;
12080;"INCIDENTE DE IMPEDIMENTO CÍVEL";124;N;
10960;"INCIDENTE DE SANIDADE MENTAL";125;N;
12081;"INCIDENTE DE SUSPEIÇÃO CÍVEL";126;N;
12466;"INQUÉRITO ADMINISTRATIVO";2;N;
115;"INQUÉRITO EXTRAJUDICIAL";118;N;
279;"INQUÉRITO POLICIAL";128;S;
11041;"INQUÉRITO POLICIAL MILITAR";128;N;
333;"INSANIDADE MENTAL DO ACUSADO";127;S;
166;"INSOLVÊNCIA REQUERIDA PELO CREDOR";125;N;
167;"INSOLVÊNCIA REQUERIDA PELO DEVEDOR OU PELO ESPÓLIO";125;N;
240;"INSTRUÇÃO DE RESCISÓRIA";126;N;
11800;"INSTRUÇÃO PROVISÓRIA DE DESERÇÃO";2;N;
11799;"INSTRUÇÃO PROVISÓRIA DE INSUBMISSÃO";2;N;
58;"INTERDIÇÃO/CURATELA";125;S;
1709;"INTERDITO PROIBITÓRIO";127;N;
12073;"INTERNAÇÃO PROVISÓRIA";125;S;
39;"INVENTÁRIO";125;N;
305;"LIBERDADE PROVISÓRIA COM OU SEM FIANÇA";128;N;
152;"LIQUIDAÇÃO DE SENTENÇA PELO PROCEDIMENTO COMUM";126;N;
151;"LIQUIDAÇÃO POR ARBITRAMENTO";126;N;
154;"LIQUIDAÇÃO PROVISÓRIA DE SENTENÇA PELO PROCEDIMENTO COMUM";126;N;
153;"LIQUIDAÇÃO PROVISÓRIA POR ARBITRAMENTO";126;N;
118;"MANDADO DE INJUNÇÃO";126;N;
120;"MANDADO DE SEGURANÇA CÍVEL";126;N;
119;"MANDADO DE SEGURANÇA COLETIVO";126;N;
1710;"MANDADO DE SEGURANÇA CRIMINAL";129;N;
1691;"MANDADO DE SEGURANÇA INFÂNCIA E JUVENTUDE CÍVEL";126;N;
14734;"MEDIDAS DE PROTEÇÃO - CRIANÇA E ADOLESCENTE (LEI 13.431) CRIMINAIS";107;S;
15172;"MEDIDAS DE PROTEÇÃO - CRIANÇA E ADOLESCENTE (LEI 13.431) INFRACIONAIS";127;S;
10967;"MEDIDAS DE PROTEÇÃO À PESSOA IDOSA - CRIMINAL";128;S;
12424;"MEDIDAS DE PROTEÇÃO À PESSOA IDOSA - INFRACIONAL";125;S;
311;"MEDIDAS INVESTIGATÓRIAS SOBRE ORGANIZAÇÕES CRIMINOSAS";126;S;
15170;"MEDIDAS PROTETIVAS DE URGÊNCIA - CRIANÇAS E ADOLESCENTES (LEI HENRY BOREL - LEI 14.344/2022) CRIMINAIS";107;S;
15171;"MEDIDAS PROTETIVAS DE URGÊNCIA - CRIANÇAS E ADOLESCENTES (LEI HENRY BOREL - LEI 14.344/2022) INFRACIONAIS";125;S;
1268;"MEDIDAS PROTETIVAS DE URGÊNCIA (LEI MARIA DA PENHA)  - CRIMINAL";128;S;
12423;"MEDIDAS PROTETIVAS DE URGÊNCIA (LEI MARIA DA PENHA) - INFRACIONAL";125;S;
40;"MONITÓRIA";126;N;
1701;"NOMEAÇÃO DE ADVOGADO";127;N;
236;"OPOSIÇÃO";126;N;
59;"ORGANIZAÇÃO E FISCALIZAÇÃO DE FUNDAÇÃO";108;S;
1294;"OUTROS PROCEDIMENTOS DE JURISDIÇÃO VOLUNTÁRIA";126;N;
309;"PEDIDO DE BUSCA E APREENSÃO CRIMINAL";128;S;
12248;"PEDIDO DE COOPERAÇÃO JUDICIÁRIA";1;N;
12074;"PEDIDO DE DESINTERNAÇÃO/REAVALIAÇÃO/SUBSTITUIÇÃO/SUSPENSÃO DA MEDIDA";1;N;
12070;"PEDIDO DE MEDIDA DE PROTEÇÃO";125;S;
313;"PEDIDO DE PRISÃO PREVENTIVA";128;S;
314;"PEDIDO DE PRISÃO TEMPORÁRIA";128;S;
310;"PEDIDO DE QUEBRA DE SIGILO DE DADOS E/OU TELEFÔNICO";129;S;
124;"PEDIDO DE RESPOSTA OU RETIFICAÇÃO DA LEI DE IMPRENSA";125;N;
241;"PETIÇÃO CÍVEL";127;N;
12465;"PETIÇÃO CORREGEDORIA";2;N;
1727;"PETIÇÃO CRIMINAL";128;S;
11026;"PETIÇÃO INFÂNCIA E JUVENTUDE CÍVEL";125;S;
10979;"PETIÇÃO INFRACIONAL";125;S;
1425;"PRESTAÇÃO DE CONTAS INFÂNCIA E JUVENTUDE";125;N;
7;"PROCEDIMENTO COMUM CÍVEL";128;N;Muito grande (até 1.484 assuntos por jurisdição): +4 a 5 h por sincronização
1706;"PROCEDIMENTO COMUM INFÂNCIA E JUVENTUDE";125;S;
11891;"PROCEDIMENTO DE CONTROLE ADMINISTRATIVO";125;N;
436;"PROCEDIMENTO DO JUIZADO ESPECIAL CÍVEL";122;N;
14695;"PROCEDIMENTO DO JUIZADO ESPECIAL DA FAZENDA PÚBLICA";126;N;
300;"PROCEDIMENTO ESPECIAL DA LEI ANTITÓXICOS";128;S;
302;"PROCEDIMENTO ESPECIAL DOS CRIMES DE ABUSO DE AUTORIDADE";126;S;
1733;"PROCEDIMENTO INVESTIGATÓRIO CRIMINAL (PIC-MP)";128;S;
1298;"PROCESSO ADMINISTRATIVO";129;N;
11798;"PROCESSO DE APLICAÇÃO DE MEDIDA DE SEGURANÇA POR FATO NÃO CRIMINOSO";126;N;
1464;"PROCESSO DE APURAÇÃO DE ATO INFRACIONAL";125;S;
193;"PRODUÇÃO ANTECIPADA DA PROVA";126;N;
11793;"PRODUÇÃO ANTECIPADA DE PROVAS CRIMINAL";128;S;
1424;"PROVIDÊNCIA";125;N;
1291;"REABILITAÇÃO";128;N;
11875;"RECLAMAÇÃO PRÉ-PROCESSUAL";126;N;
128;"RECUPERAÇÃO EXTRAJUDICIAL";118;N;
129;"RECUPERAÇÃO JUDICIAL";118;N;
426;"RECURSO EM SENTIDO ESTRITO";126;S;
11398;"RECURSO EM SENTIDO ESTRITO/RECURSO EX OFFICIO";128;N;
251;"REGISTRO DE CASAMENTO NUNCUPATIVO";125;N;
134;"REGISTRO TORRENS";125;N;
1417;"REGULARIZAÇÃO DE REGISTRO CIVIL";125;N;
1707;"REINTEGRAÇÃO / MANUTENÇÃO DE POSSE";127;N;
1462;"RELATÓRIO DE INVESTIGAÇÕES";125;S;
135;"RELATÓRIO FALIMENTAR";118;N;
306;"RELAXAMENTO DE PRISÃO";128;N;
136;"REMIÇÃO DO IMÓVEL HIPOTECADO";125;N;
234;"REMOÇÃO DE INVENTARIANTE";125;N;
1705;"REMOÇÃO, MODIFICAÇÃO  E DISPENSA DE TUTOR OU CURADOR";125;N;
137;"RENOVATÓRIA DE LOCAÇÃO";125;N;
272;"REPRESENTAÇÃO CRIMINAL/NOTÍCIA DE CRIME";128;S;
12137;"REQUERIMENTO DE APREENSÃO DE VEÍCULO";126;N;
46;"RESTAURAÇÃO DE AUTOS CÍVEL";127;N;
291;"RESTAURAÇÃO DE AUTOS CRIMINAL";126;N;
138;"RESTITUIÇÃO DE COISA OU DINHEIRO NA FALÊNCIA DO DEVEDOR EMPRESÁRIO";118;N;
326;"RESTITUIÇÃO DE COISAS APREENDIDAS";128;N;
11794;"RESTITUIÇÃO DE COISAS APREENDIDAS INFRACIONAL";125;N;
1683;"RETIFICAÇÃO DE REGISTRO DE IMÓVEL";125;N;
1682;"RETIFICAÇÃO OU SUPRIMENTO OU RESTAURAÇÃO DE REGISTRO CIVIL";125;N;
1390;"REVISÃO JUDICIAL DE DECISÃO DO CONSELHO TUTELAR";125;N;
140;"REVISIONAL DE ALUGUEL";125;N;
60;"SEPARAÇÃO CONSENSUAL";125;N;
329;"SEQÜESTRO";128;S;
48;"SOBREPARTILHA";125;N;
142;"SONEGADOS";125;N;
1414;"SUPRIMENTO DE CAPACIDADE OU DE CONSENTIMENTO PARA CASAR";125;N;
143;"SUPRIMENTO DE IDADE E/OU CONSENTIMENTO";125;N;
15194;"SUSPENSÃO DO PODER FAMILIAR";125;S;
278;"TERMO CIRCUNSTANCIADO";123;S;
12728;"TRANSFERÊNCIA ENTRE ESTABELECIMENTOS PENAIS";1;N;
12135;"TUTELA ANTECIPADA ANTECEDENTE";126;N;
1399;"TUTELA C/C DESTITUIÇÃO DO PODER FAMILIAR";125;S;
12134;"TUTELA CAUTELAR ANTECEDENTE";126;N;
12233;"TUTELA CÍVEL";125;N;
1396;"TUTELA INFÂNCIA E JUVENTUDE";125;N;
49;"USUCAPIÃO";126;N;
